Serial number,Institution,Country,AC,LifeSciences,Lsrank,EarthEnvironmentalSciences,Esrank,Chemistry,Crank,PhysicalSciences,Psrank
1,Harvard University,United States of America (USA),2300,1550,1,131,23,279,14,563,6
2,University of Chinese Academy of Sciences (UCAS),China,1754,319,24,240,4,773,1,672,1
3,Massachusetts Institute of Technology (MIT),United States of America (USA),1714,802,2,148,17,350,7,649,3
4,Stanford University,United States of America (USA),1446,673,3,156,12,313,9,519,7
5,Peking University (PKU),China,1404,235,41,221,7,565,2,593,4
6,University of Cambridge,United Kingdom (UK),1297,561,4,156,13,246,19,480,10
7,Tsinghua University,China,1259,214,50,138,20,452,3,653,2
8,"University of California, Berkeley (UC Berkeley)",United States of America (USA),1247,412,13,225,6,312,10,500,8
9,University of Oxford,United Kingdom (UK),1189,520,7,146,18,257,17,388,14
10,The University of Tokyo (UTokyo),Japan,1149,280,29,123,27,304,11,592,5
11,Swiss Federal Institute of Technology Zurich (ETH Zurich),Switzerland,1017,270,31,252,3,250,18,407,13
12,Pierre and Marie Curie University (UPMC) - Paris 6,France,986,284,28,152,15,146,45,494,9
13,University of Science and Technology of China (USTC),China,960,115,118,97,44,408,4,478,11
14,Imperial College London (ICL),United Kingdom (UK),958,442,12,112,35,176,30,346,18
15,Columbia University in the City of New York (CU),United States of America (USA),935,470,10,200,8,134,60,246,38
16,"University of California, Los Angeles (UCLA)",United States of America (USA),932,403,16,166,11,182,28,305,22
17,"University of California, San Diego (UC San Diego)",United States of America (USA),925,526,6,127,25,145,47,224,51
18,Nanjing University (NJU),China,918,47,260,230,5,350,6,407,12
19,University College London (UCL),United Kingdom (UK),871,520,8,88,52,131,63,222,53
20,University of Michigan (U-M),United States of America (USA),858,358,20,119,32,167,36,286,25
21,California Institute of Technology (Caltech),United States of America (USA),837,143,89,281,1,126,70,355,16
22,Yale University,United States of America (USA),834,407,15,150,16,128,68,238,44
23,University of Washington (UW),United States of America (USA),832,385,17,179,9,104,95,239,42
24,Cornell University,United States of America (USA),822,484,9,78,67,141,52,227,48
25,University of Toronto (U of T),Canada,772,378,18,103,39,153,41,215,60
26,Johns Hopkins University (JHU),United States of America (USA),744,410,14,101,41,95,107,198,68
27,Northwestern University (NU),United States of America (USA),736,253,36,15,283,294,12,288,24
28,University of Pennsylvania (Penn),United States of America (USA),720,446,11,11,322,139,56,183,83
29,Kyoto University,Japan,709,187,58,54,107,285,13,244,39
30,Princeton University,United States of America (USA),702,174,66,138,21,109,89,351,17
31,The University of Chicago (UChicago),United States of America (USA),669,237,40,73,73,174,31,273,28
32,"University of Maryland, College Park (UMCP)",United States of America (USA),663,97,143,168,10,93,111,370,15
33,Zhejiang University (ZJU),China,653,158,77,50,118,279,15,266,31
34,Shanghai Jiao Tong University (SJTU),China,652,161,74,23,225,228,23,322,20
35,National University of Singapore (NUS),Singapore,651,214,51,38,149,246,20,290,23
36,The University of Texas at Austin (UT Austin),United States of America (USA),644,144,85,144,19,167,35,254,35
37,University of Colorado Boulder (CU-Boulder),United States of America (USA),642,103,137,268,2,93,110,243,40
38,University of Wisconsin-Madison (UW-Madison),United States of America (USA),638,220,48,93,47,123,73,260,33
39,University of Minnesota (UMN),United States of America (USA),628,228,45,128,24,142,51,193,73
40,Ludwig Maximilians University of Munich (LMU),Germany,619,255,34,29,187,174,32,238,43
41,University of Illinois at Urbana-Champaign (UIUC),United States of America (USA),613,146,84,86,55,199,24,261,32
42,Fudan University,China,611,184,60,37,153,245,21,226,50
43,University of Paris Sud (UPSud),France,598,162,72,35,159,124,72,331,19
44,Duke University,United States of America (USA),597,364,19,73,72,72,152,134,139
45,"University of California, San Francisco (UCSF)",United States of America (USA),595,559,5,2,437,70,159,30,366
46,University of Zurich (UZH),Switzerland,571,298,25,40,141,104,97,221,54
47,Swiss Federal Institute of Technology in Lausanne (EPFL),Switzerland,562,141,91,57,98,194,25,274,27
48,Utrecht University (UU),Netherlands,561,180,65,126,26,66,171,253,36
49,Nanyang Technological University (NTU),Singapore,560,88,161,60,93,275,16,278,26
50,University of Copenhagen (UCPH),Denmark,558,263,32,68,80,81,135,213,62
51,The University of Edinburgh,United Kingdom (UK),554,247,38,70,78,86,124,196,71
52,"University of California, Santa Barbara (UCSB)",United States of America (USA),545,90,156,68,82,156,40,316,21
53,Paris Diderot University (Paris 7),France,544,170,68,121,29,44,257,253,37
54,The Pennsylvania State University (Penn State),United States of America (USA),534,144,86,120,30,140,54,220,55
55,"University of California, Davis (UC Davis)",United States of America (USA),516,234,42,96,45,88,119,156,105
56,New York University (NYU),United States of America (USA),512,334,21,24,213,59,195,142,127
57,The Ohio State University (OSU),United States of America (USA),510,162,73,59,96,84,129,238,45
58,Nankai University (NKU),China,507,50,249,26,205,377,5,116,171
59,The University of Manchester (UoM),United Kingdom (UK),505,139,94,68,81,143,49,208,64
60,Grenoble Alpes University (UGA),France,502,94,149,82,59,118,81,273,29
61,Heidelberg University (Uni Heidelberg),Germany,488,207,54,23,224,70,157,223,52
62,Tianjin University (TJU),China,486,24,356,82,60,324,8,126,150
63,The University of Melbourne (UniMelb),Australia,486,229,43,73,74,63,182,162,98
64,Humboldt University of Berlin (HU Berlin),Germany,482,257,33,20,248,100,101,164,94
65,McGill University,Canada,480,223,47,80,63,90,115,142,126
66,Technical University of Munich (TUM),Germany,479,182,61,27,198,141,53,195,72
67,University of Amsterdam (UvA),Netherlands,479,157,79,13,298,67,169,273,30
68,Boston University (BU),United States of America (USA),474,189,57,47,124,72,153,218,58
69,Free University of Berlin (FU Berlin),Germany,473,255,35,38,148,137,59,107,183
70,Osaka University,Japan,468,140,92,12,309,170,34,188,77
71,University of Florida (UF),United States of America (USA),467,131,104,71,77,118,82,183,84
72,King's College London (KCL),United Kingdom (UK),463,323,23,8,355,52,234,110,180
73,Sun Yat-sen University (SYSU),China,452,127,108,77,69,167,37,132,141
74,Texas A&M University (TAMU),United States of America (USA),450,107,127,98,42,114,86,156,104
75,Indian Institutes of Technology (IITs),India,442,19,379,35,163,191,27,209,63
76,Georgia Institute of Technology (Georgia Tech),United States of America (USA),440,86,163,96,46,132,62,216,59
77,Monash University,Australia,440,166,71,82,58,108,90,132,142
78,Washington University in St. Louis (WUSTL),United States of America (USA),439,324,22,53,111,40,279,55,299
79,Aix-Marseille University (AMU),France,438,158,78,41,138,94,109,186,80
80,University of North Carolina at Chapel Hill (UNC),United States of America (USA),437,249,37,34,165,114,87,88,225
81,University of Bristol (UoB),United Kingdom (UK),434,125,109,107,36,86,123,164,95
82,Stockholm University,Sweden,434,143,90,64,87,84,128,184,82
83,"Rutgers, The State University of New Jersey (RU)",United States of America (USA),433,148,82,50,119,84,130,187,79
84,Tohoku University,Japan,426,64,207,59,97,133,61,207,65
85,Purdue University,United States of America (USA),426,82,169,72,75,127,69,199,67
86,Seoul National University (SNU),South Korea,425,105,131,31,179,129,66,227,49
87,The University of British Columbia (UBC),Canada,424,173,67,64,86,66,172,155,108
88,University of Pittsburgh (Pitt),United States of America (USA),419,224,46,13,297,79,142,135,136
89,"University of California, Irvine (UCI)",United States of America (USA),418,121,111,92,49,106,92,139,130
90,Radboud University Nijmegen (RU),Netherlands,408,157,80,8,356,55,218,219,57
91,Weizmann Institute of Science (WIS),Israel,407,144,87,23,226,80,138,220,56
92,Uppsala University (UU),Sweden,406,169,70,29,188,86,125,166,91
93,University of Lyon,France,406,134,98,51,115,79,141,176,86
94,KTH Royal Institute of Technology,Sweden,405,107,128,39,145,73,150,230,47
95,The University of Queensland (UQ),Australia,404,196,56,88,53,82,132,85,229
96,University of Toulouse,France,398,118,114,102,40,115,85,107,184
97,Nagoya University,Japan,391,93,151,51,116,131,64,150,115
98,Shandong University (SDU),China,391,94,150,81,61,123,74,127,148
99,University of Southampton (Soton),United Kingdom (UK),383,65,204,98,43,70,156,198,69
100,University of New South Wales (UNSW),Australia,381,119,113,92,50,103,98,110,179
101,RWTH Aachen University (RWTH Aachen),Germany,366,49,253,20,254,129,67,196,70
102,University of Strasbourg,France,366,100,140,26,201,143,50,134,138
103,The University of Arizona (Arizona),United States of America (USA),365,95,148,113,34,18,426,161,100
104,University of Glasgow,United Kingdom (UK),364,120,112,48,121,66,173,153,111
105,"University of California, Santa Cruz (UCSC)",United States of America (USA),363,132,103,92,48,34,311,148,121
106,Rice University,United States of America (USA),362,77,180,81,62,87,120,193,74
107,Dresden University of Technology (TU Dresden),Germany,358,118,115,16,274,89,117,181,85
108,Huazhong University of Science and Technology (HUST),China,356,85,164,21,240,139,55,156,103
109,Karlsruhe Institute of Technology (KIT),Germany,355,15,401,42,137,125,71,213,61
110,Wuhan University (WHU),China,354,61,217,51,117,160,38,128,146
111,Vanderbilt University (VU),United States of America (USA),353,211,53,12,308,52,232,117,168
112,Soochow University,China,350,28,340,2,443,230,22,154,109
113,Autonomous University of Madrid (UAM),Spain,350,81,171,5,392,49,244,233,46
114,The University of Sydney (USYD),Australia,347,138,95,31,178,53,225,150,116
115,University of Geneva (UNIGE),Switzerland,346,129,105,20,250,70,158,162,97
116,Indiana University (IU),United States of America (USA),346,159,76,30,184,60,192,117,167
117,Johannes Gutenberg University Mainz (JGU),Germany,343,80,174,19,258,85,127,188,78
118,Sapienza University of Rome,Italy,340,43,277,23,229,41,274,255,34
119,University of Hamburg (UHH),Germany,339,102,138,19,257,53,227,202,66
120,The University of Iowa (UI),United States of America (USA),339,107,129,88,54,28,358,128,147
121,Michigan State University (MSU),United States of America (USA),339,112,121,52,114,45,250,162,99
122,Korea Advanced Institute of Science and Technology (KAIST),South Korea,338,66,200,3,422,153,42,185,81
123,Tokyo Institute of Technology (Tokyo Tech),Japan,337,51,244,33,172,120,79,165,92
124,Karolinska Institute (KI),Sweden,335,289,27,6,378,42,272,24,388
125,University of Montpellier,France,334,170,69,55,103,91,114,72,266
126,Australian National University (ANU),Australia,331,75,187,104,38,58,199,141,128
127,University of Alberta (U of A),Canada,326,77,181,79,66,60,191,127,149
128,University of Göttingen,Germany,325,133,100,17,270,93,112,108,181
129,Hong Kong University of Science and Technology (HKUST),China,321,40,286,40,143,118,83,164,93
130,VU University Amsterdam,Netherlands,319,90,157,32,174,40,280,172,87
131,University of Montreal (UdeM),Canada,318,138,96,34,166,67,167,107,186
132,University of Basel (UB),Switzerland,316,185,59,14,288,102,100,64,277
133,"University of California, Riverside (UCR)",United States of America (USA),314,81,172,54,109,96,105,124,153
134,Lomonosov Moscow State University (MSU),Russia,314,20,370,10,338,53,230,240,41
135,The University of Hong Kong (HKU),China,313,85,165,46,128,104,96,117,165
136,Lund University (LU),Sweden,312,108,125,37,154,62,184,152,113
137,National Institute of Applied Sciences (INSA),France,312,35,311,14,291,172,33,119,161
138,University of Southern California (USC),United States of America (USA),311,181,63,43,131,57,203,59,288
139,Leiden University,Netherlands,309,144,88,20,249,59,196,123,155
140,University of Utah (Utah),United States of America (USA),308,133,101,60,92,73,149,60,287
141,Beijing Normal University (BNU),China,307,45,271,137,22,73,148,80,249
142,Arizona State University (ASU),United States of America (USA),307,66,201,107,37,58,198,112,173
143,University of Oslo (UiO),Norway,307,110,123,78,68,35,304,105,188
144,Tongji University,China,305,63,213,153,14,57,202,48,314
145,University of Virginia (UVA),United States of America (USA),304,117,117,35,160,34,313,137,132
146,École Normale Supérieure (ENS Paris),France,304,79,176,62,90,39,284,156,107
147,Sichuan University (SCU),China,302,56,225,6,379,194,26,65,276
148,State University of New York at Stony Brook (SUNY Stony Brook),United States of America (USA),302,71,197,44,130,44,259,163,96
149,The Chinese University of Hong Kong (CUHK),China,301,60,220,25,211,122,77,125,152
150,The University of Texas MD Anderson Cancer Center,United States of America (USA),300,293,26,0,479,10,483,10,461
151,University of Münster (WWU),Germany,299,85,166,38,150,122,76,80,247
152,Kyushu University,Japan,299,81,173,25,210,108,91,104,189
153,Florida State University (FSU),United States of America (USA),299,36,305,72,76,89,116,135,135
154,University of Birmingham (UB),United Kingdom (UK),299,102,139,28,194,32,331,158,102
155,Ghent University (UGent),Belgium,295,110,124,48,122,58,200,101,199
156,University of Liverpool,United Kingdom (UK),292,77,182,35,161,54,219,146,122
157,University of Würzburg,Germany,291,90,158,7,368,146,46,79,254
158,University of Tübingen (Uni Tübingen),Germany,291,181,64,33,170,43,264,59,290
159,Emory University,United States of America (USA),290,213,52,11,323,64,180,36,346
160,National Taiwan University (NTU),Taiwan,290,47,261,37,156,82,133,152,112
161,University of Helsinki,Finland,290,140,93,41,139,30,341,102,194
162,University of Groningen (RUG),Netherlands,289,114,119,7,366,87,121,119,162
163,University of Barcelona (UB),Spain,288,105,132,21,239,58,201,121,158
164,Baylor College of Medicine (BCM),United States of America (USA),287,278,30,1,457,9,486,16,439
165,The University of Warwick (Warwick),United Kingdom (UK),286,64,208,3,423,87,122,167,90
166,Hokkaido University,Japan,284,76,185,53,113,119,80,72,265
167,University of Bern,Switzerland,283,111,122,55,104,33,321,107,187
168,Xiamen University (XMU),China,281,52,239,23,227,177,29,73,263
169,University of Bologna (UNIBO),Italy,281,32,326,16,280,54,220,189,76
170,University of Freiburg (Uni Freiburg),Germany,278,138,97,12,310,53,228,94,213
171,University of Massachusetts Amherst (UMass Amherst),United States of America (USA),277,51,245,50,120,67,166,140,129
172,University of Bonn (Uni Bonn),Germany,277,104,135,13,299,49,242,135,137
173,The Rockefeller University,United States of America (USA),275,219,49,3,420,20,417,61,286
174,Catholic University of Leuven (KU Leuven),Belgium,271,134,99,18,262,61,186,78,257
175,Tel Aviv University (TAU),Israel,271,97,144,12,312,46,249,146,123
176,The University of Texas Southwestern Medical Center (UT Southwestern Medical Center),United States of America (USA),263,247,39,0,480,34,320,7,478
177,Queen Mary University of London (QMUL),United Kingdom (UK),262,97,145,7,367,54,223,124,154
178,University of Padova (UNIPD),Italy,260,49,254,28,195,38,290,150,117
179,Aarhus University (AU),Denmark,259,113,120,53,112,43,263,73,264
180,Technion-Israel Institute of Technology (IIT),Israel,257,49,255,12,316,65,177,156,106
181,Xi'an Jiaotong University (XJTU),China,257,33,320,15,286,102,99,151,114
182,Tufts University,United States of America (USA),257,118,116,12,311,59,197,111,176
183,University of Leeds,United Kingdom (UK),255,72,194,120,31,53,224,58,292
184,Goethe University Frankfurt am Main (GU),Germany,254,108,126,28,193,68,160,84,234
185,University of Rochester (UR),United States of America (USA),253,92,153,22,234,40,282,117,169
186,Charles University (CU),Czech Republic,253,55,227,20,252,49,240,149,119
187,Hebrew University of Jerusalem (HUJI),Israel,252,105,133,43,132,57,204,79,255
188,Sungkyunkwan University (SKKU),South Korea,252,42,280,6,381,80,140,171,88
189,Southern University of Science and Technology (SUSTech),China,251,34,315,34,168,121,78,96,209
190,University of Bordeaux,France,251,91,154,17,271,95,108,80,248
191,North Carolina State University (NCSU),United States of America (USA),250,61,218,47,125,74,146,101,198
192,Beihang University (BUAA),China,250,6,461,23,232,80,139,189,75
193,The University of Tennessee at Knoxville (UTK),United States of America (USA),249,29,337,28,197,67,168,149,118
194,University of Erlangen-Nuremberg (FAU),Germany,248,72,195,10,332,97,103,91,220
195,University of Lisbon (ULISBOA),Portugal,248,55,228,27,199,40,281,136,133
196,Brown University,United States of America (USA),247,74,188,55,106,32,330,101,200
197,University of São Paulo (USP),Brazil,246,73,192,26,202,28,364,129,144
198,University of Hawai'i at Manoa (UH Mānoa),United States of America (USA),245,48,257,119,33,24,391,76,258
199,The University of Western Australia (UWA),Australia,245,90,159,70,79,35,305,83,237
200,King Abdullah University of Science and Technology (KAUST),Saudi Arabia,244,31,331,34,169,129,65,99,205
201,University of Valencia (UV),Spain,243,28,341,2,444,68,165,154,110
202,The University of Sheffield,United Kingdom (UK),242,74,189,31,181,56,209,111,177
203,Jilin University (JLU),China,241,21,367,12,320,157,39,94,212
204,Delft University of Technology (TU Delft),Netherlands,241,39,292,56,100,78,143,118,164
205,Technical University of Denmark (DTU),Denmark,241,74,190,68,83,56,208,80,250
206,Carnegie Mellon University (CMU),United States of America (USA),239,55,229,31,183,65,176,113,172
207,Indian Institutes of Science Education and Research (IISER),India,233,16,394,8,362,106,94,107,185
208,"Icahn School of Medicine at Mount Sinai (ISMMS), MSHS",United States of America (USA),233,229,44,0,481,13,464,7,481
209,Paris Descartes University (Paris 5),France,233,201,55,4,402,25,389,20,414
210,Iowa State University,United States of America (USA),231,45,272,24,217,57,205,134,140
211,Lanzhou University (LZU),China,229,10,437,30,186,144,48,51,308
212,Durham University,United Kingdom (UK),229,29,338,66,85,35,306,112,174
213,University of Cincinnati (UC),United States of America (USA),229,129,106,29,189,22,404,59,291
214,University of Massachusetts Medical School (UMass Medical School),United States of America (USA),229,182,62,2,438,45,255,36,348
215,Harbin Institute of Technology (HIT),China,228,12,418,68,84,80,137,96,210
216,University of Pisa (UNIPI),Italy,228,14,410,0,493,24,396,19,420
217,University of Notre Dame (ND),United States of America (USA),227,34,316,24,219,56,210,122,156
218,University of Naples Federico II (UNINA),Italy,225,36,306,10,335,42,271,149,120
219,University of Milan (UNIMI),Italy,223,77,183,11,324,33,324,120,160
220,University of Vienna,Austria,222,87,162,31,180,55,215,85,230
221,University of Illinois at Chicago (UIC),United States of America (USA),220,78,179,5,393,67,170,96,211
222,Autonomous University of Barcelona (UAB),Spain,219,72,196,20,251,53,226,90,223
223,South China University of Technology (SCUT),China,217,13,414,8,364,148,43,82,240
224,Hunan University (HNU),China,215,4,469,21,247,147,44,67,273
225,University of Cologne (UoC),Germany,215,105,134,24,214,26,379,81,244
226,East China Normal University (ECNU),China,211,46,266,25,212,106,93,55,298
227,The University of Kansas (KU),United States of America (USA),210,80,175,34,167,28,361,80,252
228,University of the Basque Country (UPV/EHU),Spain,209,28,342,5,395,96,106,103,191
229,University of Nebraska-Lincoln (UNL),United States of America (USA),208,29,339,24,220,66,174,120,159
230,East China University of Science and Technology (ECUST),China,207,48,258,10,333,138,57,33,356
231,Pohang University of Science and Technology (POSTECH),South Korea,207,18,387,10,341,117,84,121,157
232,Case Western Reserve University (CWRU),United States of America (USA),207,133,102,10,331,43,266,47,318
233,The University of Adelaide (Adelaide Uni),Australia,205,61,219,29,190,28,363,103,192
234,Indian Institute of Science (IISc),India,204,28,343,6,383,66,175,117,166
235,University of Calgary (U of C),Canada,202,66,202,31,182,33,323,83,238
236,Aalto University,Finland,202,12,419,7,373,45,253,160,101
237,Yonsei University,South Korea,201,52,240,16,276,78,145,88,227
238,Korea University (KU),South Korea,201,30,335,7,370,68,162,132,143
239,University of Lausanne (UNIL),Switzerland,200,153,81,42,134,15,448,9,466
240,National Tsing Hua University (NTHU),Taiwan,200,13,415,3,430,68,164,139,131
241,The University of Oklahoma (OU),United States of America (USA),200,37,303,74,71,13,456,81,246
242,Colorado State University,United States of America (USA),198,63,214,89,51,42,270,26,382
243,University of St Andrews,United Kingdom (UK),196,52,241,26,204,82,134,61,284
244,The University of Georgia (UGA),United States of America (USA),194,107,130,44,129,44,258,19,416
245,University of Exeter,United Kingdom (UK),193,99,142,80,64,13,455,37,345
246,University of Milano-Bicocca (UNIMIB),Italy,192,19,380,10,339,26,383,145,124
247,The University of New Mexico (UNM),United States of America (USA),191,35,312,42,135,38,289,90,224
248,University of Tsukuba,Japan,191,50,250,9,347,32,335,112,175
249,Newcastle University,United Kingdom (UK),188,97,146,54,108,30,340,21,404
250,University of Turin (UNITO),Italy,188,47,262,20,255,27,373,102,195
251,City University of Hong Kong (CityU),China,187,24,357,12,319,110,88,84,233
252,University of Florence (UNIFI),Italy,185,30,336,21,245,45,251,102,193
253,Vienna University of Technology (TU Wien),Austria,183,23,361,6,385,36,298,136,134
254,University of Bergen (UIB),Norway,183,57,223,63,88,9,484,68,272
255,Complutense University of Madrid (UCM),Spain,179,46,267,10,334,63,183,75,260
256,University of Antwerp (UA),Belgium,179,39,293,26,207,34,314,100,202
257,National Autonomous University of Mexico (UNAM),Mexico,178,59,222,32,175,16,443,81,245
258,University of Houston (UH),United States of America (USA),177,50,251,33,173,62,185,47,316
259,Virginia Polytechnic Institute and State University (Virginia Tech),United States of America (USA),176,36,307,63,89,50,237,49,312
260,University of Colorado Anschutz Medical Campus (CU Anschutz),United States of America (USA),176,160,75,7,365,13,462,11,458
261,The City University of New York (CUNY),United States of America (USA),176,53,234,18,265,41,275,93,216
262,Dartmouth College,United States of America (USA),173,79,177,54,110,27,371,20,413
263,Cardiff University,United Kingdom (UK),171,77,184,48,123,33,322,26,383
264,Nanjing Tech University (NanjingTech),China,170,8,451,5,399,138,58,55,297
265,University of Connecticut (UConn),United States of America (USA),170,76,186,43,133,24,392,44,331
266,Shenzhen University (SZU),China,170,33,321,8,359,89,118,83,236
267,University of Warsaw (UW),Poland,170,16,395,5,396,27,374,129,145
268,Université Libre de Bruxelles (ULB),Belgium,170,37,304,13,303,11,472,111,178
269,Homi Bhabha National Institute (HBNI),India,168,3,477,2,453,19,425,143,125
270,China University of Geosciences (CUG),China,167,8,452,123,28,32,329,16,436
271,University of Victoria (UVic),Canada,167,20,371,39,147,21,410,101,201
272,University of Oregon (UO),United States of America (USA),164,43,278,35,162,22,403,79,256
273,Friedrich Schiller University Jena (FSU),Germany,164,73,193,33,171,44,260,46,322
274,University of Innsbruck (LFU),Austria,163,19,381,24,221,26,380,104,190
275,The University of Nottingham (UoN),United Kingdom (UK),162,55,230,12,313,53,229,59,289
276,Northeastern University (NEU),United States of America (USA),162,40,287,15,284,21,411,102,196
277,Wageningen University & Research (WUR),Netherlands,161,84,167,56,99,25,386,21,407
278,Simon Fraser University (SFU),Canada,161,34,318,14,292,29,353,100,204
279,University College Dublin (UCD),Ireland,161,34,317,13,304,18,430,102,197
280,University of Regensburg (UR),Germany,160,52,242,0,486,61,189,69,270
281,Wayne State University (WSU),United States of America (USA),160,39,294,4,406,33,326,92,218
282,University of Rennes 1,France,160,9,445,2,448,23,401,7,480
283,Hanyang University (HYU),South Korea,158,13,416,9,351,34,315,117,170
284,Lancaster University,United Kingdom (UK),158,20,372,38,151,23,398,94,215
285,Queen's University,Canada,157,35,313,10,336,32,334,82,241
286,TU Dortmund University,Germany,157,3,478,1,475,34,319,126,151
287,The University of Auckland,New Zealand,156,31,332,19,260,38,291,84,235
288,University of Trento (UNITN),Italy,156,33,322,1,468,8,488,119,163
289,Dalian University of Technology (DUT),China,155,6,462,16,282,97,102,45,327
290,Eindhoven University of Technology (TU/e),Netherlands,155,14,411,5,397,81,136,88,226
291,University of Delaware (UD),United States of America (USA),155,26,347,42,136,55,214,41,334
292,The University of Texas Health Science Center at Houston (UTHealth),United States of America (USA),155,104,136,1,459,4,494,2,496
293,Central South University (CSU),China,154,53,235,18,266,68,161,33,357
294,Catholic University of Louvain (UCL),Belgium,154,49,256,12,317,17,439,82,243
295,Beijing Institute of Technology (BIT),China,153,4,470,4,414,97,104,74,261
296,Ruhr University Bochum (RUB),Germany,153,50,252,12,315,60,193,44,329
297,Ulsan National Institute of Science and Technology (UNIST),South Korea,152,21,368,9,348,84,131,92,217
298,Louisiana State University (LSU),United States of America (USA),152,43,279,60,95,25,385,42,333
299,Albert Einstein College of Medicine (Einstein),United States of America (USA),151,147,83,1,458,11,475,5,486
300,University of Miami (UM),United States of America (USA),151,82,170,55,105,11,470,9,468
301,University of York,United Kingdom (UK),150,47,263,19,259,56,211,49,311
302,The University of Texas at Dallas (UT Dallas),United States of America (USA),150,24,358,13,305,30,346,100,203
303,University of Kiel (CAU),Germany,150,71,198,40,142,34,312,25,385
304,Beijing University of Chemical Technology (BUCT),China,149,6,463,3,433,123,75,52,304
305,Leipzig University,Germany,148,74,191,30,185,49,238,27,377
306,ShanghaiTech University,China,148,63,215,0,484,64,181,50,310
307,University of Waterloo,Canada,147,9,446,29,192,44,261,80,251
308,Ulm University,Germany,146,53,236,4,404,36,300,67,274
309,Southeast University (SEU),China,145,25,351,7,372,65,178,71,268
310,Giessen University (JLU),Germany,145,39,295,3,425,42,273,72,267
311,"University at Buffalo, The State University of New York (SUNY UB)",United States of America (USA),144,51,246,12,314,56,212,46,321
312,University of Ottawa (uOttawa),Canada,143,53,237,20,253,49,241,26,381
313,University of Electronic Science and Technology of China (UESTC),China,143,7,458,0,495,74,147,99,206
314,University of Jyväskylä,Finland,143,14,412,4,410,33,327,94,214
315,Philipps University of Marburg (Uni Marburg),Germany,142,64,209,1,464,65,179,29,368
316,Oregon State University,United States of America (USA),142,45,273,75,70,28,360,15,441
317,University of Stuttgart,Germany,142,15,402,8,363,47,247,97,208
318,Curtin University,Australia,142,17,390,62,91,22,402,57,294
319,Technische Universität Berlin (TU Berlin),Germany,141,16,396,22,235,72,154,53,303
320,Federal University of Rio de Janeiro (UFRJ),Brazil,141,25,352,6,384,10,480,108,182
321,University of Sussex (US),United Kingdom (UK),140,38,300,15,285,12,467,80,253
322,Oregon Health and Science University (OHSU),United States of America (USA),139,129,107,3,421,11,474,2,495
323,Washington State University (WSU),United States of America (USA),137,39,296,39,146,37,293,29,370
324,Texas Tech University (TTU),United States of America (USA),137,5,466,22,238,28,366,83,239
325,Jagiellonian University (UJ),Poland,136,16,398,0,492,22,409,98,207
326,University of Granada (UGR),Spain,136,16,397,24,222,19,423,86,228
327,University of Santiago de Compostela (USC),Spain,135,20,373,8,361,54,222,63,279
328,University of Potsdam,Germany,135,44,274,60,94,19,419,35,352
329,University of South Florida (USF),United States of America (USA),133,36,308,47,126,51,236,17,428
330,University of Oviedo (UniOvi),Spain,132,21,369,6,386,36,299,74,262
331,Keio University,Japan,131,57,224,1,465,36,303,51,309
332,Jinan University (JNU),China,131,39,297,29,191,49,239,24,387
333,Erasmus University Rotterdam (EUR),Netherlands,130,124,110,2,439,9,485,10,462
334,University of Porto (UP),Portugal,130,64,210,13,300,18,429,46,326
335,University of Bremen (Uni Bremen),Germany,129,16,399,83,56,26,378,27,379
336,Chalmers University of Technology (Chalmers),Sweden,128,12,420,7,374,53,231,85,231
337,Chinese Academy of Medical Sciences & Peking Union Medical College (CAMS & PUMC),China,127,91,155,1,461,39,287,7,477
338,University of Gothenburg (GU),Sweden,126,64,211,24,215,28,365,29,371
339,University of Duisburg-Essen (UDE),Germany,125,66,203,11,325,30,347,32,362
340,University of Alabama at Birmingham (UAB),United States of America (USA),124,97,147,16,275,10,477,9,469
341,State University of Campinas (UNICAMP),Brazil,124,20,374,4,408,29,356,85,232
342,Brandeis University,United States of America (USA),123,39,298,1,467,26,384,63,281
343,Ocean University of China (OUC),China,123,15,403,83,57,28,359,8,471
344,University of Missouri (Mizzou),United States of America (USA),122,46,268,26,206,32,333,32,361
345,Shanghai University (SHU),China,122,8,453,7,377,68,163,52,305
346,The University of Dublin,Ireland,122,46,269,14,290,41,276,36,349
347,State University of New York at Albany (SUNY Albany),United States of America (USA),122,16,400,35,164,19,421,57,295
348,Ben-Gurion University of the Negev (BGU),Israel,120,33,323,32,176,28,362,40,338
349,University of Otago,New Zealand,120,46,270,36,157,30,342,24,390
350,Okayama University,Japan,120,26,348,11,326,24,393,66,275
351,University of Buenos Aires (UBA),Argentina,120,25,353,26,208,18,427,24,391
352,Kobe University,Japan,117,33,324,10,337,17,440,64,278
353,Chongqing University (CQU),China,116,7,459,10,344,55,216,52,306
354,Waseda University,Japan,116,12,421,2,447,31,339,82,242
355,Western University (UWO),Canada,115,51,247,21,242,36,297,21,403
356,The Graduate University for Advanced Studies (Sokendai),Japan,114,19,382,11,328,18,431,13,451
357,University of Science and Technology Beijing (USTB),China,113,0,494,2,456,72,155,61,285
358,Third Military Medical University (TMMU),China,113,83,168,1,462,24,395,14,446
359,Zhengzhou University (ZZU),China,111,25,354,0,491,61,190,37,342
360,Heinrich Heine University Düsseldorf (HHU),Germany,111,64,212,0,483,33,328,25,386
361,University of Southern Denmark (SDU),Denmark,111,65,205,18,263,16,444,21,410
362,Medical University of Vienna (MUW),Austria,111,0,495,3,435,41,278,10,459
363,São Paulo State University (UNESP),Brazil,111,10,438,1,473,22,408,21,408
364,University of Zaragoza (Unizar),Spain,109,17,391,9,350,61,187,37,341
365,Northwest University (NWU),China,108,8,454,16,281,73,151,20,411
366,Norwegian University of Science and Technology (NTNU),Norway,108,51,248,23,228,14,453,35,353
367,Hiroshima University (HU),Japan,108,26,349,11,327,30,348,49,313
368,China Agricultural University (CAU),China,107,65,206,18,264,30,344,4,489
369,Queensland University of Technology (QUT),Australia,107,41,284,13,301,45,252,21,402
370,Northwestern Polytechnical University (NPU),China,107,9,447,1,474,56,213,62,282
371,McMaster University,Canada,106,42,281,8,358,37,295,32,360
372,International School for Advanced Studies (ISAS),Italy,106,12,422,0,494,9,487,92,219
373,Laval University (UL),Canada,106,54,232,24,216,30,343,11,456
374,Darmstadt University of Technology (TU Darmstadt),Germany,106,20,375,2,446,30,350,69,271
375,University of Hannover (LUH),Germany,105,15,404,17,273,29,352,58,293
376,Linköping University (LiU),Sweden,105,32,327,4,407,45,254,56,296
377,The University of Wollongong (UOW),Australia,105,11,430,10,343,44,262,63,280
378,University of Bath,United Kingdom (UK),104,26,350,12,318,49,243,27,378
379,Drexel University,United States of America (USA),104,40,288,21,243,27,372,32,363
380,University of Kentucky (UK),United States of America (USA),104,48,259,14,289,22,405,30,367
381,"University of Maryland, Baltimore (UMB)",United States of America (USA),104,90,160,2,440,12,468,6,485
382,University of Tasmania (UTAS),Australia,104,31,333,56,101,23,397,7,479
383,Shandong Normal University (SDNU),China,103,4,471,2,452,92,113,9,463
384,Nanjing Normal University (NNU),China,103,11,431,9,352,61,188,28,374
385,Temple University,United States of America (USA),103,62,216,3,424,22,406,22,398
386,Syracuse University,United States of America (USA),103,12,423,18,269,10,476,70,269
387,Fuzhou University (FZU),China,101,1,483,4,418,86,126,14,444
388,The Hong Kong Polytechnic University (PolyU),China,101,11,432,22,236,46,248,47,317
389,University of Siegen,Germany,100,15,405,24,223,13,460,8,475
390,University of Fribourg (UNIFR),Switzerland,99,34,319,3,426,27,375,46,325
391,Umeå University (UMU),Sweden,99,60,221,21,241,20,416,13,450
392,University of Bayreuth (UBT),Germany,98,12,424,38,152,37,294,28,375
393,University of Strathclyde,United Kingdom (UK),97,6,464,2,451,57,206,36,347
394,Royal Melbourne Institute of Technology (RMIT University),Australia,97,10,439,11,330,47,246,54,301
395,University of East Anglia (UEA),United Kingdom (UK),97,47,264,41,140,19,420,11,457
396,Pompeu Fabra University (UPF),Spain,97,6,465,0,496,12,469,22,401
397,Queen's University Belfast (QUB),United Kingdom (UK),94,19,383,11,329,28,368,46,324
398,Martin Luther University Halle-Wittenberg (MLU),Germany,94,55,231,26,203,31,338,15,440
399,Central China Normal University (CCNU),China,93,4,472,3,434,35,310,52,307
400,Kyung Hee University (KHU),South Korea,93,23,362,3,427,41,277,46,323
401,Saint Petersburg State University (SPbU),Russia,93,10,440,7,376,29,355,54,302
402,University of South Carolina - Columbia (SC),United States of America (USA),91,22,364,17,272,43,265,18,421
403,University of Konstanz,Germany,90,32,328,6,382,39,286,38,339
404,Kanazawa University (KU),Japan,90,40,289,13,302,26,382,21,406
405,University of Leicester,United Kingdom (UK),90,42,282,23,230,13,461,20,415
406,University of Sherbrooke (USherbrooke),Canada,88,24,359,8,360,39,285,29,369
407,Wuhan University of Technology (WUT),China,87,1,484,1,476,52,235,54,300
408,Nanjing University of Information Science and Technology (NUIST),China,87,3,479,80,65,5,491,7,483
409,University of Turku (UTU),Finland,87,53,238,6,380,10,479,33,358
410,Victoria University of Wellington (Victoria),New Zealand,86,15,406,27,200,32,332,23,396
411,Hong Kong Baptist University (HKBU),China,85,10,441,9,354,55,217,23,395
412,Montana State University,United States of America (USA),85,38,301,24,218,78,144,37,340
413,Southwest University (SWU),China,84,15,407,10,342,54,221,8,470
414,University of Saskatchewan (U of S),Canada,84,25,355,40,144,13,458,14,447
415,Swedish University of Agricultural Sciences (SLU),Sweden,84,54,233,37,155,6,490,5,487
416,Pusan National University (PNU),South Korea,84,8,455,13,307,35,307,41,335
417,University of Liège (ULg),Belgium,83,31,334,20,256,18,428,24,392
418,University of Dundee,United Kingdom (UK),82,71,199,1,463,13,463,6,484
419,Nanjing University of Science and Technology (NUST),China,81,1,485,6,390,43,268,47,319
420,Saarland University (Saar-Uni),Germany,81,40,290,0,489,40,283,19,417
421,Cold Spring Harbor Laboratory (CSHL),United States of America (USA),81,79,178,0,482,2,499,1,500
422,Nanchang University (NCU),China,81,19,384,1,469,43,269,32,359
423,Griffith University,Australia,81,22,365,18,267,25,387,169,89
424,University of Central Florida (UCF),United States of America (USA),80,11,433,9,353,29,354,48,315
425,Georgia State University (GSU),United States of America (USA),80,35,314,2,442,20,418,28,376
426,Dalhousie University,Canada,80,36,309,28,196,14,452,10,460
427,Masaryk University (MU),Czech Republic,80,28,344,19,261,19,424,22,399
428,Beijing University of Technology (BJUT),China,80,24,360,2,445,34,318,35,350
429,Rensselaer Polytechnic Institute (RPI),United States of America (USA),79,20,376,9,349,21,414,44,332
430,Chiba University,Japan,79,33,325,7,369,25,388,18,423
431,University of Twente (UTwente),Netherlands,78,3,480,14,296,28,367,41,336
432,Shanxi University (SXU),China,78,1,486,5,400,34,316,47,320
433,"University of Technology, Sydney (UTS)",Australia,77,14,413,21,246,23,399,29,372
434,Nanjing University of Posts and Telecommunications (NUPT),China,77,1,487,0,499,57,207,44,330
435,Shaanxi Normal University (SNNU),China,76,0,496,1,478,60,194,23,394
436,National Chiao Tung University (NCTU),Taiwan,76,7,460,4,413,37,296,45,328
437,Graz University of Technology (TU Graz),Austria,76,22,366,18,268,26,381,21,405
438,University of Reading,United Kingdom (UK),75,12,425,56,102,13,457,8,474
439,Bar-Ilan University (BIU),Israel,74,28,345,7,371,18,433,31,364
440,National Cheng Kung University (NCKU),Taiwan,74,10,442,13,306,21,412,37,344
441,The George Washington University (GW),United States of America (USA),74,44,275,8,357,10,478,18,427
442,Huazhong Agricultural University (HZAU),China,73,40,291,21,244,12,466,7,482
443,South China Normal University (SCNU),China,73,12,426,12,321,21,413,34,355
444,Zhejiang University of Technology (ZJUT),China,73,5,467,10,345,43,267,22,397
445,Tulane University,United States of America (USA),71,32,329,15,287,17,438,12,454
446,University of Louisville (UofL),United States of America (USA),69,27,346,0,490,13,465,31,365
447,"University of Nevada, Reno (UNR)",United States of America (USA),68,17,392,26,209,15,449,18,426
448,Tokyo University of Science (TUS),Japan,68,20,377,3,429,32,337,19,418
449,China Pharmaceutical University (CPU),China,67,9,448,2,449,49,245,13,449
450,Northeast Normal University (NENU),China,67,4,473,10,346,52,233,11,455
451,Gwangju Institute of Science and Technology (GIST),South Korea,67,12,427,7,375,28,369,37,343
452,Virginia Commonwealth University (VCU),United States of America (USA),67,47,265,4,405,17,441,9,465
453,Institute for Advanced Study (IAS),United States of America (USA),66,4,474,0,498,0,500,62,283
454,Braunschweig University of Technology (TU Braunschweig),Germany,66,20,378,6,387,32,336,16,437
455,Utah State University (USU),United States of America (USA),66,17,393,36,158,13,459,9,467
456,Ewha Womans University (Ewha),South Korea,64,8,456,3,432,36,302,25,384
457,The University of Texas at San Antonio (UTSA),United States of America (USA),64,10,443,14,295,30,345,19,419
458,Nanjing Medical University (NJMU),China,64,42,283,0,488,17,442,8,473
459,Hunan Normal University (HUNNU),China,63,9,449,2,450,27,376,35,351
460,West Virginia University (WVU),United States of America (USA),63,52,243,16,277,16,445,41,337
461,Okinawa Institute of Science and Technology Graduate University (OIST),Japan,62,23,363,3,428,15,451,29,373
462,Clemson University,United States of America (USA),62,8,457,22,237,17,437,24,393
463,The University of Oldenburg,Germany,62,18,388,23,231,15,450,16,438
464,Colorado School of Mines,United States of America (USA),62,1,488,32,177,19,422,18,424
465,Boston College (BC),United States of America (USA),61,11,434,5,398,38,292,16,434
466,China University of Petroleum (CUP),China,61,0,497,23,233,29,351,17,430
467,Jiangnan University,China,60,15,408,4,409,36,301,20,412
468,The University of Texas Health Science Center at San Antonio (UT Health San Antonio),United States of America (USA),59,9,450,4,412,10,482,91,222
469,Anhui University (AHU),China,58,4,475,4,415,34,317,18,422
470,Nanjing Agricultural University (NAU),China,57,38,302,16,278,7,489,1,497
471,Auburn University,United States of America (USA),57,39,299,2,441,5,492,1,498
472,University of Graz (Uni Graz),Austria,57,0,498,0,500,16,447,91,221
473,Donghua University (DHU),China,54,1,489,6,391,33,325,24,389
474,"University of Nevada, Las Vegas (UNLV)",United States of America (USA),54,11,435,14,294,14,454,17,433
475,Tianjin University of Technology (TUT),China,53,1,490,2,454,45,256,17,429
476,Renmin University of China (RUC),China,53,2,482,6,389,23,400,27,380
477,Hefei University of Technology (HFUT),China,52,0,499,5,401,35,308,16,435
478,Institute of Science and Technology Austria (IST Austria),Austria,51,41,285,1,466,2,498,14,448
479,Henan University (HENU),China,50,12,428,1,471,27,377,15,442
480,Zhejiang Normal University (ZJNU),China,50,100,141,4,403,10,481,3,493
481,Bielefeld University,Germany,48,13,417,1,470,22,407,17,431
482,Qingdao University of Science and Technology (QUST),China,48,44,276,0,487,3,497,3,494
483,Daegu Gyeongbuk Institute of Science and Technology (DGIST),South Korea,47,36,310,16,279,11,471,35,354
484,University of Kaiserslautern (TU Kaiserslautern),Germany,47,12,429,3,431,18,435,17,432
485,Capital Normal University (CNU),China,47,15,409,6,388,18,434,15,443
486,Ajou University (AJOU),South Korea,47,93,152,1,460,4,495,8,476
487,The University of Akron (UAkron),United States of America (USA),46,3,481,4,417,35,309,9,464
488,Henan Normal University (HTU),China,46,4,476,4,416,29,357,12,452
489,Northeastern University (NEU),China,45,1,491,4,419,21,415,21,409
490,Northwest A&F University (NWAFU),China,45,19,385,10,340,18,432,3,492
491,University of Jinan (UJN),China,44,0,500,3,436,30,349,14,445
492,Medical University of South Carolina (MUSC),United States of America (USA),44,19,386,14,293,16,446,22,400
493,Medical College of Wisconsin (MCW),United States of America (USA),44,56,226,0,485,4,496,1,499
494,Changzhou University (CZU),China,43,1,492,1,477,39,288,3,490
495,Chung-Ang University (CAU),South Korea,43,11,436,1,472,18,436,18,425
496,University of North Texas (UNT),United States of America (USA),43,32,330,5,394,11,473,76,259
497,Tokyo University of Agriculture and Technology (TUAT),Japan,40,10,444,4,411,24,394,12,453
498,Hebei University (HBU),China,38,18,389,47,127,4,493,5,488
499,Jawaharlal Nehru Centre for Advanced Scientific Research (JNCASR),India,35,5,468,0,497,25,390,8,472
500,Huaqiao University (HQU),China,33,1,493,2,455,28,370,3,491
